case,time,production_target,inlet_flow_rate
0,0.0,0.50899625,35.18573277922517
0,0.1,0.515543,35.13154638235748
0,0.2,0.5221829,36.74364537225639
0,0.3,0.52886105,38.47631742444788
0,0.4,0.5355211,40.23122275111717
0,0.5,0.5421063,41.98173088251954
0,0.6,0.5485602,43.71144088960194
0,0.7,0.5548274,45.40263038086171
0,0.8,0.5608548,47.03471330422104
0,0.9,0.56659156,48.58482133774742
0,1.0,0.5719906,50.03012309431949
0,1.1,0.5770087,51.34826071628432
0,1.2,0.58160746,52.51819711740304
0,1.3,0.5857534,53.52021723181299
0,1.4,0.58941865,54.3372190583657
0,1.5,0.5925805,54.95435170511877
0,1.6,0.5952223,55.36120516547292
0,1.7,0.59733254,55.550292131710954
0,1.8,0.59890544,55.519159586079915
0,1.9,0.5999403,55.26914718267605
0,2.0,0.6004411,54.80556933123153
0,2.1,0.6004165,54.13809091780877
0,2.2,0.59987915,53.279492648217975
0,2.3,0.59884524,52.24546627528251
0,2.4,0.5973344,51.054408288077795
0,2.5,0.5953689,49.72603158213075
0,2.6,0.5929735,48.281395392038036
0,2.7,0.59017503,46.74226838032829
0,2.8,0.587002,45.13076291048888
0,2.9,0.5834844,43.46868111557013
0,3.0,0.5796536,41.77648357192223
0,3.1,0.57554173,40.07266144146035
0,3.2,0.5711819,38.37422626951228
0,3.3,0.5666074,36.69682833154606
0,3.4,0.5618521,35.05514375019762
0,3.5,0.55694985,33.46209535454302
0,3.6,0.55193436,31.928485236471307
0,3.7,0.54683894,30.462922784327333
0,3.8,0.54169595,29.07188376999013
0,3.9,0.5365371,27.760537705621793
0,4.0,0.5313925,26.531930680924187
0,4.1,0.5262908,25.38784125069626
0,4.2,0.5212584,24.328239691360327
0,4.3,0.51631993,23.35251912365835
0,4.4,0.5114972,22.458243281841096
0,4.5,0.50680953,21.642500558718073
0,4.6,0.5022733,20.901369871242338
0,4.7,0.49790204,20.23049587207444
0,4.8,0.4937062,19.624916542220934
0,4.9,0.4896936,19.07982084623828
0,5.0,0.48586932,18.590095362342048
0,5.1,0.48223585,18.15060959252294
0,5.2,0.4787934,17.756488863284588
0,5.3,0.47554103,17.403973894815287
0,5.4,0.4724757,17.088456387935317
0,5.5,0.46959394,16.807014492314345
0,5.6,0.46689186,16.5569631477739
0,5.7,0.46436572,16.33635755854792
0,5.8,0.4620123,16.143860624406216
0,5.9,0.45982936,15.978861867873057
0,6.0,0.45781627,15.84167425815561
0,6.1,0.45597395,15.732898605139995
0,6.2,0.45430517,15.653746318416287
0,6.3,0.45281458,15.605815936727465
0,6.4,0.45150903,15.591354402220347
0,6.5,0.45039687,15.61228924332357
0,6.6,0.4494879,15.670776703401009
0,6.7,0.44879296,15.768870908714483
0,6.8,0.4483236,15.908546740138409
0,6.9,0.44809118,16.091127527815278
0,7.0,0.4481066,16.317792456134654
0,7.1,0.44837925,16.58881301202771
0,7.2,0.44891676,16.904201346919756
0,7.3,0.4497242,17.263139730477548
0,7.4,0.45080325,17.66384580969586
0,7.5,0.4521524,18.10444099077131
0,7.6,0.453766,18.581814164704326
0,7.7,0.4556342,19.09230296556286
0,7.8,0.45774314,19.631876627810193
0,7.9,0.4600748,20.195747194209165
0,8.0,0.46260747,20.778868464214547
0,8.1,0.46531606,21.375776148706592
0,8.2,0.46817282,21.98095506016103
0,8.3,0.47114795,22.588804698333306
0,8.4,0.4742109,23.19435844537984
0,8.5,0.47733048,23.792281488611646
0,8.6,0.48047647,24.37842188565059
0,8.7,0.48362046,24.949352266605814
0,8.8,0.4867366,25.5024342275191
0,8.9,0.48980224,26.03595413369239
0,9.0,0.4927994,26.550191457477467
0,9.1,0.49571437,27.04580992679303
0,9.2,0.4985387,27.52533070694798
0,9.3,0.5012689,27.992068008655203
0,9.4,0.50390685,28.450888870261526
0,9.5,0.5064592,28.90724870587786
0,9.6,0.50893676,29.367090393438513
0,9.7,0.5113542,29.837088551486833
0,9.8,0.51372886,30.323995345840583
0,9.9,0.5160797,30.83720604184786
0,10.0,0.51842666,31.356227886090757
1,0.0,0.47873858,22.184220703246513
1,0.1,0.47965404,22.096805150258167
1,0.2,0.4807508,22.45222422206797
1,0.3,0.4820495,22.88010514534583
1,0.4,0.48356712,23.364946900533365
1,0.5,0.48531651,23.90883166660619
1,0.6,0.48730722,24.51248511466998
1,0.7,0.4895444,25.175011450005368
1,0.8,0.49202946,25.895672815986067
1,0.9,0.49475974,26.672951032890563
1,1.0,0.49772882,27.50505794129431
1,1.1,0.5009266,28.389705613136222
1,1.2,0.50433975,29.324345564177694
1,1.3,0.50795126,30.305273371903343
1,1.4,0.51174176,31.329230928754495
1,1.5,0.51568913,32.39184484903198
1,1.6,0.5197695,33.488761471436604
1,1.7,0.52395695,34.61453493593108
1,1.8,0.5282249,35.76409583057199
1,1.9,0.5325456,36.93118183061906
1,2.0,0.53689176,38.11019448600287
1,2.1,0.54123574,39.29417405937948
1,2.2,0.54555094,40.476698438045354
1,2.3,0.5498113,41.65045481709093
1,2.4,0.55399245,42.808706955461375
1,2.5,0.5580711,43.943825414960884
1,2.6,0.5620254,45.048209017838566
1,2.7,0.5658355,46.114668234655326
1,2.8,0.56948245,47.134742730283165
1,2.9,0.5729487,48.1002919918993
1,3.0,0.5762181,49.00319493387586
1,3.1,0.5792749,49.83415547850894
1,3.2,0.5821042,50.5842228842559
1,3.3,0.584691,51.24333322580129
1,3.4,0.5870204,51.80152828482163
1,3.5,0.5890773,52.248534599303404
1,3.6,0.59084606,52.573676260631224
1,3.7,0.5923104,52.76627978753461
1,3.8,0.5934537,52.81638902193774
1,3.9,0.59425884,52.714439262216985
1,4.0,0.5947087,52.452337440003355
1,4.1,0.59478635,52.023475186720056
1,4.2,0.5944758,51.42378185170833
1,4.3,0.5937624,50.65173861999431
1,4.4,0.59263384,49.70947088695037
1,4.5,0.5910808,48.6026047388154
1,4.6,0.5890975,47.34040611193847
1,4.7,0.5866831,45.93637628894089
1,4.8,0.5838419,44.40674943879481
1,4.9,0.5805844,42.772759109758624
1,5.0,0.5769279,41.06085592827345
1,5.1,0.5728964,39.300426755701764
1,5.2,0.5685214,37.518658357554344
1,5.3,0.56384176,35.73961553923888
1,5.4,0.5589033,33.987884232345344
1,5.5,0.55375826,32.291289935910285
1,5.6,0.54846495,30.677771479674064
1,5.7,0.54308635,29.17063082528091
1,5.8,0.5376893,27.78736588811464
1,5.9,0.53234285,26.542210580764902
1,6.0,0.5271168,25.445922827252982
1,6.1,0.52208006,24.505767419158417
1,6.2,0.517299,23.72541165387453
1,6.3,0.5128359,23.10527569656134
1,6.4,0.5087471,22.642466427883473
1,6.5,0.5050814,22.33125381533657
1,6.6,0.5018791,22.1639524418632
1,6.7,0.4991705,22.130506037966274
1,6.8,0.49697515,22.21928754345183
1,6.9,0.49530128,22.417313940632045
1,7.0,0.49414557,22.71050045726889
1,7.1,0.49349272,23.083346757164925
1,7.2,0.49331662,23.52038736843328
1,7.3,0.49358016,24.00470645399356
1,7.4,0.4942367,24.519374590467855
1,7.5,0.49523097,25.046834831417765
1,7.6,0.49650067,25.569521994553902
1,7.7,0.49797806,26.069879215411753
1,7.8,0.49959093,26.529846979313604
1,7.9,0.5012656,26.93313266408805
1,8.0,0.50292736,27.263037479317784
1,8.1,0.50450313,27.505034867936175
1,8.2,0.50592244,27.64568033601726
1,8.3,0.507119,27.673682601861014
1,8.4,0.50803185,27.580115588590683
1,8.5,0.5086069,27.35936910724425
1,8.6,0.50879675,27.007869403880125
1,8.7,0.50856245,26.5264123803338
1,8.8,0.5078725,25.917658275102138
1,8.9,0.50670415,25.188493987129526
1,9.0,0.5050425,24.347852573325216
1,9.1,0.50288045,23.407258681978703
1,9.2,0.5002181,22.380030504578198
1,9.3,0.49706233,21.281022649559006
1,9.4,0.4934261,20.12589690876861
1,9.5,0.48932767,18.93053890692078
1,9.6,0.48478985,17.7106342419517
1,9.7,0.47983938,16.481317630726352
1,9.8,0.4745065,15.255879542034315
1,9.9,0.46882397,14.04241135895143
1,10.0,0.46282732,12.908916710164428
2,0.0,0.40595788,14.240894668981644
2,0.1,0.40894085,14.103642186741835
2,0.2,0.41202042,14.51173201589558
2,0.3,0.41517192,14.930796256430877
2,0.4,0.41837114,15.340631982673148
2,0.5,0.42159456,15.741933931120485
2,0.6,0.42482,16.133274091259
2,0.7,0.42802727,16.513749137831333
2,0.8,0.43119884,16.88318298182721
2,0.9,0.43431997,17.241749536381576
2,1.0,0.43737924,17.590416588358547
2,1.1,0.44036892,17.930899801554546
2,1.2,0.44328433,18.264791109861214
2,1.3,0.44612437,18.59461453814901
2,1.4,0.4488905,18.922446148533673
2,1.5,0.45158675,19.250755394981887
2,1.6,0.4542185,19.581230378282132
2,1.7,0.45679212,19.91539620956124
2,1.8,0.4593132,20.253173236944157
2,1.9,0.4617865,20.59426261668575
2,2.0,0.4642141,20.93632022216052
2,2.1,0.46659505,21.276091931175223
2,2.2,0.46892402,21.608314684781455
2,2.3,0.47119084,21.926316540100153
2,2.4,0.47337964,22.221496486679385
2,2.5,0.47546887,22.48403796166026
2,2.6,0.4774311,22.70265802781436
2,2.7,0.47923297,22.86474803051373
2,2.8,0.48083627,22.95759796277383
2,2.9,0.48219797,22.967601818555565
2,3.0,0.4832718,22.882059615677075
2,3.1,0.48400924,22.689089895481388
2,3.2,0.4843612,22.378790748209564
2,3.3,0.4842793,21.943425907831834
2,3.4,0.48371768,21.378505311641543
2,3.5,0.48263463,20.683199395416697
2,3.6,0.48099458,19.861117445540536
2,3.7,0.478769,18.919607295216863
2,3.8,0.47593847,17.870951348315174
2,3.9,0.47249344,16.73114718377634
2,4.0,0.46843544,15.519932636939561
2,4.1,0.46377742,14.259548350998815
2,4.2,0.45854434,12.974201723281501
2,4.3,0.45277286,11.68862406057084
2,4.4,0.44651124,10.427486604748141
2,4.5,0.43981856,9.214201093902846
2,4.6,0.4327637,8.070038811972868
2,4.7,0.4254238,7.01322085886729
2,4.8,0.41788316,6.0589627536894195
2,4.9,0.41023114,5.218554782684561
2,5.0,0.40256003,4.499378903070971
2,5.1,0.3949638,3.905842911096938
2,5.2,0.38753495,3.438116547205915
2,5.3,0.38036337,3.0940901962055456
2,5.4,0.3735338,2.8686353949186216
2,5.5,0.36712378,2.754342865943019
2,5.6,0.36120278,2.742792133321599
2,5.7,0.35582948,2.8233598564578077
2,5.8,0.35105157,2.9853500714461534
2,5.9,0.34690416,3.217048543913969
2,6.0,0.34340918,3.506492827815037
2,6.1,0.34057486,3.8415387153335256
2,6.2,0.3383963,4.210613044523592
2,6.3,0.336855,4.6018268342942825
2,6.4,0.33591986,5.00393486400455
2,6.5,0.33554804,5.406109166657561
2,6.6,0.33568585,5.797818529232782
2,6.7,0.33627042,6.169305413475822
2,6.8,0.3372313,6.511463016732088
2,6.9,0.33849186,6.815644485740536
2,7.0,0.33997166,7.074411297927781
2,7.1,0.34158808,7.281061160930766
2,7.2,0.34325838,7.430064176707248
2,7.3,0.34490168,7.517189594723258
2,7.4,0.3464409,7.539691268041852
2,7.5,0.3478045,7.496395548332418
2,7.6,0.3489281,7.387849780419713
2,7.7,0.34975576,7.216293694014543
2,7.8,0.35024154,6.98608250444016
2,7.9,0.3503505,6.7034061010783335
2,8.0,0.35005885,6.375699230234445
2,8.1,0.34935486,6.012237164229788
2,8.2,0.34823912,5.623586822852659
2,8.3,0.34672385,5.220741984438411
2,8.4,0.3448332,4.815687100034977
2,8.5,0.34260166,4.419767845195904
2,8.6,0.34007412,4.044699975241342
2,8.7,0.33730394,3.7008791104313885
2,8.8,0.33435205,3.3979415420070644
2,8.9,0.33128506,3.143907157751583
2,9.0,0.32817435,2.945800109687157
2,9.1,0.32509345,2.8083460603190202
2,9.2,0.32211715,2.7352383869164547
2,9.3,0.31931922,2.728176858290314
2,9.4,0.31677103,2.7875759861127234
2,9.5,0.3145398,2.9123907566986373
2,9.6,0.31268746,3.100634311248312
2,9.7,0.31126904,3.3491073922762915
2,9.8,0.31033164,3.6539248852039545
2,9.9,0.3099137,4.012163634604132
2,10.0,0.31004435,4.412817067897692
3,0.0,0.5408648,41.054016139060685
3,0.1,0.5455991,41.007959503043125
3,0.2,0.5502913,42.25741151243914
3,0.3,0.55489093,43.54730909485897
3,0.4,0.55934757,44.77104272055515
3,0.5,0.5636116,45.91211550445078
3,0.6,0.5676356,46.9550452781899
3,0.7,0.5713749,47.881483418946075
3,0.8,0.5747888,48.67436685485438
3,0.9,0.5778409,49.31817443811645
3,1.0,0.58049953,49.79954941814677
3,1.1,0.5827382,50.10799999038403
3,1.2,0.5845358,50.236129869955285
3,1.3,0.5858761,50.17912109233121
3,1.4,0.5867481,49.93600970588896
3,1.5,0.5871454,49.50862862900104
3,1.6,0.5870659,48.90184608313631
3,1.7,0.5865112,48.12306675694388
3,1.8,0.5854865,47.18247809139566
3,1.9,0.58399963,46.0917091908903
3,2.0,0.582061,44.86437964125063
3,2.1,0.57968307,43.51510573475701
3,2.2,0.5768797,42.05914645693715
3,2.3,0.5736668,40.51299232986842
3,2.4,0.5700612,38.893108892518086
3,2.5,0.5660814,37.216835547150716
3,2.6,0.56174713,35.50133507086083
3,2.7,0.5570798,33.763193947433784
3,2.8,0.55210245,32.01808354077117
3,2.9,0.54684037,30.28124395349642
3,3.0,0.541321,28.56776801808115
3,3.1,0.5355744,26.89278587734315
3,3.2,0.52963334,25.270894139959537
3,3.3,0.5235338,23.715695942953662
3,3.4,0.51731473,22.23925728727551
3,3.5,0.51101834,20.852538259977724
3,3.6,0.5046902,19.56548222339544
3,3.7,0.49837875,18.386490372826557
3,3.8,0.4921354,17.32291122596312
3,3.9,0.48601407,16.380698469852657
3,4.0,0.4800708,15.564533601533823
3,4.1,0.4743632,14.8778431358232
3,4.2,0.46894988,14.322960767782558
3,4.3,0.46389,13.901431557921478
3,4.4,0.45924208,13.613515354916048
3,4.5,0.45506373,13.459245794942717
3,4.6,0.45141053,13.43782482178104
3,4.7,0.44833538,13.547946383878651
3,4.8,0.44588748,13.79369480435241
3,4.9,0.44411173,14.248221006775944
3,5.0,0.4430478,14.354918845072953
3,5.1,0.44272915,12.475848534720926
3,5.2,0.4431827,14.081205668955782
3,5.3,0.44442782,16.077598594735072
3,5.4,0.4464758,18.076589089363054
3,5.5,0.44932932,20.076139469827712
3,5.6,0.45298207,22.07588842118854
3,5.7,0.45741856,24.07572753374092
3,5.8,0.46261367,26.07561425115479
3,5.9,0.46853292,28.075528788199957
3,6.0,0.47513267,30.07546079096267
3,6.1,0.48236036,32.07540433862296
3,6.2,0.49015525,34.07535579892119
3,6.3,0.49844888,36.075312808825096
3,6.4,0.5071663,38.075273749152046
3,6.5,0.51622725,40.07523745499546
3,6.6,0.52554697,42.07520304650778
3,6.7,0.53503823,44.07516982440993
3,6.8,0.5446122,46.07513720159861
3,6.9,0.5541807,48.075104655239365
3,7.0,0.563657,50.07507169016307
3,7.1,0.57295763,52.07503780770884
3,7.2,0.5820046,54.07500247564647
3,7.3,0.5907255,56.07496509527732
3,7.4,0.59905523,58.07492496144964
3,7.5,0.6069373,60.07488120974623
3,7.6,0.6143239,62.07483274231296
3,7.7,0.62117714,64.07477811861581
3,7.8,0.6274682,66.07471538766694
3,7.9,0.6331782,68.07464181991158
3,8.0,0.6382974,70.07455346003488
3,8.1,0.6428249,72.07444434480229
3,8.2,0.64676726,74.07430505673506
3,8.3,0.6501384,76.07411986478938
3,8.4,0.6529575,78.07386058272786
3,8.5,0.6552487,80.07347190568676
3,8.6,0.65703934,82.07283109949095
3,8.7,0.65835875,84.07161279305598
3,8.8,0.6592375,86.0686711071373
3,8.9,0.6597059,88.05694889682881
3,9.0,0.6597936,86.70313408574353
3,9.1,0.6595286,84.78489350384282
3,9.2,0.65893656,83.00473700399198
3,9.3,0.6580412,81.90202851403801
3,9.4,0.65686387,80.8639417287032
3,9.5,0.6554233,79.62163009256616
3,9.6,0.65373677,78.25080601284714
3,9.7,0.6518196,76.77562618105254
3,9.8,0.64968663,75.21275250083565
3,9.9,0.64735234,73.61096349855173
3,10.0,0.6448316,72.12573463900439
4,0.0,0.5172519,23.066395367901777
4,0.1,0.5131871,22.982411718064736
4,0.2,0.508134,21.01045677201362
4,0.3,0.50211704,19.020498019134678
4,0.4,0.49517822,17.02673661699884
4,0.5,0.48737594,15.031875112880659
4,0.6,0.47878447,13.037092726350405
4,0.7,0.46949145,11.043578665997872
4,0.8,0.4595974,9.053894438308934
4,0.9,0.44921243,7.077873078554753
4,1.0,0.43845508,5.199793328113017
4,1.1,0.427449,3.955466305806934
4,1.2,0.41632122,2.830250281146907
4,1.3,0.4051994,1.829105830432238
4,1.4,0.39420953,0.8511625257150099
4,1.5,0.38347316,0.044655940371348346
4,1.6,0.37310594,0.011095776661027842
4,1.7,0.3632151,0.006229730286645382
4,1.8,0.35389793,0.0049221046620066084
4,1.9,0.34524053,0.004935331611756464
4,2.0,0.3373165,0.0062755492609944015
4,2.1,0.33018625,0.011188711171635257
4,2.2,0.3238965,0.04350947930230202
4,2.3,0.3184803,0.6155636677527979
4,2.4,0.3139574,1.2094569858915858
4,2.5,0.31033456,1.7069485151976154
4,2.6,0.30760622,2.233164217639981
4,2.7,0.30575615,2.7846819958417237
4,2.8,0.3047581,3.353384304127579
4,2.9,0.30457753,3.933079962862615
4,3.0,0.3051728,4.518663958325871
4,3.1,0.30649716,5.106548346802602
4,3.2,0.3084996,5.693789641136816
4,3.3,0.31112692,6.2788876775085685
4,3.4,0.31432465,6.860950686943013
4,3.5,0.31803828,7.4398826622095395
4,3.6,0.32221442,8.016352006728292
4,3.7,0.32680172,8.591629805427663
4,3.8,0.33175105,9.167058538332734
4,3.9,0.33701628,9.74450526428822
4,4.0,0.3425544,10.325898588647572
4,4.1,0.3483252,10.912882871765566
4,4.2,0.35429147,11.507195145713741
4,4.3,0.36041838,12.110022081140869
4,4.4,0.36667308,12.722096986321057
4,4.5,0.37302417,13.343537398964475
4,4.6,0.37944108,13.973669722172023
4,4.7,0.3858932,14.610726942080793
4,4.8,0.39235014,15.252637842161123
4,4.9,0.39878017,15.895436181794027
4,5.0,0.4051504,16.5345013033795
4,5.1,0.4114266,17.164218929207863
4,5.2,0.41757283,17.777699153827037
4,5.3,0.42355138,18.366967904431252
4,5.4,0.42932338,18.9235518403545
4,5.5,0.43484876,19.437972634518243
4,5.6,0.44008687,19.90041020865876
4,5.7,0.44499728,20.301076330770673
4,5.8,0.44954014,20.630055549297293
4,5.9,0.45367712,20.87813720003175
4,6.0,0.45737255,21.037397861851577
4,6.1,0.4605935,21.100589938777297
4,6.2,0.4633112,21.062781014534423
4,6.3,0.46550164,20.921019622972526
4,6.4,0.4671458,20.674274075388706
4,6.5,0.4682307,20.324470349399324
4,6.6,0.46874917,19.875454719115336
4,6.7,0.46870038,19.333727961632842
4,6.8,0.46808976,18.7078544647057
4,6.9,0.46692908,18.00840675976113
4,7.0,0.4652356,17.246853267072883
4,7.1,0.46303242,16.43631731676014
4,7.2,0.46034732,15.589871043197288
4,7.3,0.45721266,14.72106219092191
4,7.4,0.45366436,13.842752253759661
4,7.5,0.4497413,12.967145604590723
4,7.6,0.44548506,12.10581758070137
4,7.7,0.4409386,11.268569657544127
4,7.8,0.43614644,10.464556631756205
4,7.9,0.43115374,9.701278421966586
4,8.0,0.42600608,8.985100734412606
4,8.1,0.4207492,8.321246931285875
4,8.2,0.41542864,7.713754403895114
4,8.3,0.41009012,7.166173329530416
4,8.4,0.40477902,6.68088676409254
4,8.5,0.39954042,6.2596716089664115
4,8.6,0.39441982,5.904395705234594
4,8.7,0.3894626,5.616065081439394
4,8.8,0.38471407,5.395397905172916
4,8.9,0.38021988,5.243237084987393
4,9.0,0.37602535,5.159779476000383
4,9.1,0.37217617,5.14576047178755
4,9.2,0.368717,5.200878288697419
4,9.3,0.36569202,5.325409462321246
4,9.4,0.36314374,5.518946434577811
4,9.5,0.36111304,5.781415882975468
4,9.6,0.35963792,6.112144456953981
4,9.7,0.3587529,6.510393062016961
4,9.8,0.35848844,6.975575927572089
4,9.9,0.35886997,7.509275909820529
4,10.0,0.35991722,8.095575780572524
5,0.0,0.5593885,40.1649575674072
5,0.1,0.55966824,40.11782126682901
5,0.2,0.5595365,39.62537197511981
5,0.3,0.55901504,39.02278100864253
5,0.4,0.5581285,38.34331172638511
5,0.5,0.5569038,37.59802904715813
5,0.6,0.55536884,36.79906346466038
5,0.7,0.55355227,35.958677487556514
5,0.8,0.55148214,35.08736631418128
5,0.9,0.5491854,34.194381148583886
5,1.0,0.5466873,33.28751175777713
5,1.1,0.54401124,32.373397170882846
5,1.2,0.541178,31.45680967853954
5,1.3,0.53820574,30.541406058858136
5,1.4,0.53510994,29.629802187512645
5,1.5,0.53190374,28.72404113316885
5,1.6,0.5285977,27.82514312930751
5,1.7,0.52520066,26.934328929998813
5,1.8,0.5217198,26.05241224441138
5,1.9,0.5181613,25.180484503947643
5,2.0,0.51453084,24.31992069828113
5,2.1,0.5108341,23.472472976710236
5,2.2,0.50707734,22.640423813845004
5,2.3,0.50326765,21.826343159686203
5,2.4,0.49941382,21.033709176530117
5,2.5,0.49552596,20.26571396416757
5,2.6,0.4916162,19.526265533089003
5,2.7,0.4876986,18.81923997949768
5,2.8,0.4837888,18.14813743500077
5,2.9,0.4799041,17.51646273394043
5,3.0,0.4760631,16.92727795066267
5,3.1,0.4722852,16.38298230487972
5,3.2,0.4685898,15.88498966768348
5,3.3,0.46499628,15.43442323275566
5,3.4,0.46152255,15.03075784846835
5,3.5,0.45818526,14.673324100841922
5,3.6,0.45499852,14.359939848785523
5,3.7,0.45197347,14.087646896737041
5,3.8,0.44911808,13.852959632347401
5,3.9,0.44643638,13.651335193801955
5,4.0,0.44392845,13.477854541642456
5,4.1,0.44158998,13.326868334524907
5,4.2,0.4394129,13.192979348499428
5,4.3,0.4373849,13.07007821051864
5,4.4,0.43549025,12.952534600292875
5,4.5,0.43371034,12.835025771385009
5,4.6,0.43202385,12.712246645851787
5,4.7,0.43040812,12.58005785183497
5,4.8,0.4288396,12.434770126385047
5,4.9,0.42729476,12.273619708401588
5,5.0,0.4257514,12.095236808022843
5,5.1,0.42418915,11.899022246999007
5,5.2,0.4225906,11.68576171049304
5,5.3,0.42094195,11.457293234147462
5,5.4,0.41923398,11.216833761754343
5,5.5,0.4174626,10.968640035519387
5,5.6,0.41562888,10.717549916519149
5,5.7,0.41374004,10.469796753978965
5,5.8,0.41180903,10.231772404187728
5,5.9,0.40985468,10.010432510821111
5,6.0,0.40790147,9.812922903312215
5,6.1,0.40597886,9.646129640080575
5,6.2,0.40412113,9.51704800608587
5,6.3,0.40236622,9.431879081550425
5,6.4,0.40075484,9.396199738221213
5,6.5,0.39933,9.415297347785847
5,6.6,0.3981351,9.492938950199047
5,6.7,0.3972135,9.632584247920553
5,6.8,0.39660698,9.836483466730618
5,6.9,0.39635456,10.105954356581668
5,7.0,0.3964917,10.441705192969746
5,7.1,0.39704874,10.843191746436027
5,7.2,0.39805046,11.30949981521772
5,7.3,0.39951473,11.838566355307687
5,7.4,0.40145242,12.42812886039139
5,7.5,0.4038663,13.07481326945153
5,7.6,0.40675113,13.7749656523097
5,7.7,0.41009322,14.524097635906381
5,7.8,0.41387084,15.317412569619496
5,7.9,0.41805428,16.14935352807563
5,8.0,0.42260632,17.01373162949435
5,8.1,0.42748275,17.903593682894236
5,8.2,0.4326334,18.811495110545014
5,8.3,0.43800312,19.729323460345235
5,8.4,0.44353247,20.64792319730099
5,8.5,0.44915912,21.557664203588548
5,8.6,0.45481938,22.44862054965161
5,8.7,0.46044898,23.309970236959778
5,8.8,0.46598414,24.13038272881319
5,8.9,0.47136343,24.899049560823308
5,9.0,0.47652856,25.60509362226779
5,9.1,0.48142552,26.238261314007005
5,9.2,0.4860057,26.789406043153434
5,9.3,0.4902263,27.250329444464263
5,9.4,0.49405208,27.615621576654558
5,9.5,0.49745467,27.880782444227002
5,9.6,0.50041413,28.04483919121954
5,9.7,0.5029187,28.10900970130641
5,9.8,0.50496507,28.077231015126713
5,9.9,0.50655824,27.95465223904473
5,10.0,0.5077116,27.76281486691832
6,0.0,0.45139718,13.138827309803206
6,0.1,0.4477802,12.989977545301205
6,0.2,0.444775,13.139742788874395
6,0.3,0.4423695,13.367248327285239
6,0.4,0.44054493,13.652246361451166
6,0.5,0.43927756,13.987013888688532
6,0.6,0.4385389,14.363413038849995
6,0.7,0.43829703,14.77461877631925
6,0.8,0.4385179,15.215175497744507
6,0.9,0.43916595,15.680364313640553
6,1.0,0.44020572,16.16708777925199
6,1.1,0.44160244,16.67302001139332
6,1.2,0.44332322,17.197181311348228
6,1.3,0.445338,17.739811715176753
6,1.4,0.4476196,18.30163134498895
6,1.5,0.45014513,18.88514224160816
6,1.6,0.45289558,19.493124512469432
6,1.7,0.4558567,20.12982298524093
6,1.8,0.45901826,20.799595055963653
6,1.9,0.4623746,21.50808533963389
6,2.0,0.4659236,22.260861208921114
6,2.1,0.46966666,23.064280118089762
6,2.2,0.47360763,23.924566057375678
6,2.3,0.47775254,24.84842793425222
6,2.4,0.48210794,25.84175500522111
6,2.5,0.4866809,26.910921398593146
6,2.6,0.491477,28.060892742965205
6,2.7,0.49650028,29.296760202988242
6,2.8,0.5017518,30.622719345872504
6,2.9,0.50722885,32.04120782283764
6,3.0,0.5129244,33.54455351037216
6,3.1,0.51882625,35.11414839224013
6,3.2,0.5249167,36.79307674758115
6,3.3,0.53117216,38.651799110328504
6,3.4,0.5375633,40.59462338592433
6,3.5,0.54405487,42.56506461268416
6,3.6,0.55060583,44.545886961975505
6,3.7,0.55717003,46.53098058310335
6,3.8,0.563697,48.517493029462116
6,3.9,0.57013226,50.50344383251679
6,4.0,0.57641864,52.48651333179268
6,4.1,0.5824966,54.46235529176023
6,4.2,0.58830625,56.419530972319905
6,4.3,0.5937876,58.31758633581423
6,4.4,0.59888196,59.99685519190457
6,4.5,0.6035334,61.33789910713653
6,4.6,0.607689,62.426532021904215
6,4.7,0.61130095,63.286166107337756
6,4.8,0.61432624,64.98662577024383
6,4.9,0.61672837,66.91214309621373
6,5.0,0.6184775,65.55580472412132
6,5.1,0.61955106,63.56353933024786
6,5.2,0.61993414,61.56589133038263
6,5.3,0.61961967,59.566995116083916
6,5.4,0.6186082,57.56763526241817
6,5.5,0.61690795,55.56805795550463
6,5.6,0.6145345,53.56836315120909
6,5.7,0.6115102,51.56859864131253
6,5.8,0.60786366,49.56879009020085
6,5.9,0.60362905,47.56895257771516
6,6.0,0.59884524,45.56909566705186
6,6.1,0.59355503,43.56922587426213
6,6.2,0.5878045,41.569347986248594
6,6.3,0.5816416,39.56946583418375
6,6.4,0.5751159,37.56958280662939
6,6.5,0.56827706,35.5697022554714
6,6.6,0.5611749,33.5698279009354
6,6.7,0.55385816,31.569964343011264
6,6.8,0.5463736,29.570117840272466
6,6.9,0.53876656,27.570297662809477
6,7.0,0.53107995,25.570518695432614
6,7.1,0.5233535,23.57080696873934
6,7.2,0.51562506,21.57121282943124
6,7.3,0.5079287,19.571847253213686
6,7.4,0.50029665,17.573004926841644
6,7.5,0.49275798,15.575739803809144
6,7.6,0.48533964,13.586836098538019
6,7.7,0.47806638,12.76913842198201
6,7.8,0.47096094,13.005604002761107
6,7.9,0.4640444,12.199850178372845
6,8.0,0.4573363,11.446729148398116
6,8.1,0.45085517,10.787600046443334
6,8.2,0.44461805,10.210779208295623
6,8.3,0.438641,9.710711986241641
6,8.4,0.43293905,9.28273818535534
6,8.5,0.4275259,8.922125801005164
6,8.6,0.42241424,8.62465615011546
6,8.7,0.41761523,8.385896431314436
6,8.8,0.41313824,8.201410137788102
6,8.9,0.40899116,8.067258550927502
6,9.0,0.40517974,7.979152770371376
6,9.1,0.40170744,7.932858298489335
6,9.2,0.39857566,7.924511747044215
6,9.3,0.3957831,7.9498713067769975
6,9.4,0.3933263,8.005268151350688
6,9.5,0.39119914,8.086740587446284
6,9.6,0.38939342,8.190892933375338
6,9.7,0.38789877,8.31433677023479
6,9.8,0.3867028,8.453894934604007
6,9.9,0.38579196,8.607855731367726
6,10.0,0.38515124,8.771099969975788
7,0.0,0.4498981,21.072885102900926
7,0.1,0.4540714,20.98073963723573
7,0.2,0.4579717,21.31573697361796
7,0.3,0.46150833,21.537767848515298
7,0.4,0.4646001,21.61829210391881
7,0.5,0.4671761,21.553610465854995
7,0.6,0.4691777,21.34178448666252
7,0.7,0.47055912,20.984572760192275
7,0.8,0.47128764,20.487711907924062
7,0.9,0.4713446,19.86191259583429
7,1.0,0.47072464,19.121188720507615
7,1.1,0.4694357,18.283236015540627
7,1.2,0.46749815,17.368142620636856
7,1.3,0.4649438,16.397566943785232
7,1.4,0.46181476,15.393849348064094
7,1.5,0.45816228,14.379207135614614
7,1.6,0.4540451,13.37456566371486
7,1.7,0.44952795,12.399046966413104
7,1.8,0.44468018,11.469574494895006
7,1.9,0.43957388,10.600082083303509
7,2.0,0.43428305,9.802188668700646
7,2.1,0.42888162,9.084162335411778
7,2.2,0.4234428,8.452057894216633
7,2.3,0.4180374,7.908997087618031
7,2.4,0.41273355,7.4565183176324785
7,2.5,0.40759537,7.093919206128117
7,2.6,0.4026827,6.819350745394699
7,2.7,0.39805043,6.629724238356107
7,2.8,0.39374843,6.521395048692659
7,2.9,0.38982078,6.48976369477001
7,3.0,0.38630626,6.530458181754527
7,3.1,0.3832378,6.638610724348791
7,3.2,0.38064265,6.809518945172155
7,3.3,0.37854248,7.038657599458913
7,3.4,0.37695295,7.3212834353947125
7,3.5,0.37588447,7.653401309565392
7,3.6,0.37534153,8.030625716571354
7,3.7,0.37532336,8.449190332914378
7,3.8,0.37582344,8.905015950180031
7,3.9,0.37683028,9.394640456523826
7,4.0,0.37832668,9.913949048162015
7,4.1,0.3802905,10.459276458685407
7,4.2,0.38269484,11.0268737218862
7,4.3,0.38550773,11.612387611402099
7,4.4,0.388693,12.21171104378806
7,4.5,0.39221054,12.820419467937933
7,4.6,0.39601648,13.433587971425883
7,4.7,0.40006405,14.046278454803886
7,4.8,0.40430415,14.653255221814161
7,4.9,0.40868562,15.24869025911846
7,5.0,0.4131567,15.827160589320494
7,5.1,0.41766512,16.382563288125155
7,5.2,0.42215943,16.909196804464965
7,5.3,0.4265893,17.40104341450346
7,5.4,0.43090707,17.8529768075397
7,5.5,0.43506745,18.259364815283842
7,5.6,0.43902943,18.616203145895597
7,5.7,0.44275606,18.919524083504932
7,5.8,0.44621533,19.166559613860585
7,5.9,0.4493809,19.355887393265817
7,6.0,0.45223147,19.48637655022693
7,6.1,0.45475242,19.559448165311082
7,6.2,0.4569345,19.57652692734197
7,6.3,0.45877454,19.540906676832634
7,6.4,0.46027514,19.45690909534501
7,6.5,0.46144417,19.32962434743011
7,6.6,0.46229446,19.165003731583493
7,6.7,0.4628432,18.96947114443147
7,6.8,0.46311143,18.74983740927066
7,6.9,0.46312314,18.512758024253362
7,7.0,0.46290493,18.265062330601012
7,7.1,0.46248475,18.01271565649164
7,7.2,0.4618918,17.761707513226348
7,7.3,0.46115503,17.516604982645536
7,7.4,0.4603033,17.28195716395643
7,7.5,0.4593644,17.061157989473163
7,7.6,0.45836425,16.856476782499875
7,7.7,0.45732695,16.66981793231058
7,7.8,0.4562741,16.502023962695386
7,7.9,0.45522478,16.35345495840739
7,8.0,0.45419538,16.22387359684406
7,8.1,0.4531995,16.112497935652847
7,8.2,0.4522477,16.017908878504098
7,8.3,0.45134884,15.939569127428992
7,8.4,0.4505086,15.87527017784273
7,8.5,0.4497313,15.824165866674763
7,8.6,0.44901928,15.784675110732566
7,8.7,0.44837394,15.75598053907967
7,8.8,0.44779542,15.736880320768933
7,8.9,0.44728374,15.727142647186819
7,9.0,0.44683835,15.726126556113995
7,9.1,0.4464591,15.734091771766996
7,9.2,0.4461462,15.75133722909391
7,9.3,0.44589996,15.777971501781984
7,9.4,0.44572142,15.814754839241147
7,9.5,0.44561213,15.862346870259529
7,9.6,0.44557384,15.921164327771848
7,9.7,0.44560823,15.991403577508718
7,9.8,0.44571728,16.073630445254594
7,9.9,0.44590178,16.167545936302563
7,10.0,0.4461619,16.27034552092813
8,0.0,0.45351788,20.311504016134478
8,0.1,0.4564536,20.215822268540276
8,0.2,0.45971897,20.999468870376244
8,0.3,0.46327886,21.8418545813374
8,0.4,0.46709117,22.69977814438828
8,0.5,0.47110757,23.56639584658953
8,0.6,0.47527525,24.431232823715288
8,0.7,0.47953787,25.28252750175875
8,0.8,0.4838372,26.108450681348998
8,0.9,0.48811418,26.89675013402132
8,1.0,0.49231014,27.63508303838892
8,1.1,0.49636787,28.311170814094787
8,1.2,0.50023246,28.91288521394894
8,1.3,0.50385183,29.428282486413107
8,1.4,0.50717753,29.846289720920254
8,1.5,0.51016545,30.1570366935796
8,1.6,0.512775,30.35063217539046
8,1.7,0.51497066,30.419956994095802
8,1.8,0.51672053,30.35795864876289
8,1.9,0.5179976,30.16067816371247
8,2.0,0.5187786,29.8250471703752
8,2.1,0.5190444,29.35056499116967
8,2.2,0.5187795,28.738533934400813
8,2.3,0.51797223,27.99278994916476
8,2.4,0.51661426,27.11896866121838
8,2.5,0.5147006,26.124945098539538
8,2.6,0.51223016,25.021208162510028
8,2.7,0.50920486,23.819322257310695
8,2.8,0.50563055,22.53328995144622
8,2.9,0.5015167,21.178280188074364
8,3.0,0.4968769,19.770864711614358
8,3.1,0.49172878,18.328290583955408
8,3.2,0.4860948,16.868641149588484
8,3.3,0.48000193,15.409662864021504
8,3.4,0.4734817,13.968736126446533
8,3.5,0.46657115,12.5632132114063
8,3.6,0.45931184,11.208728218515182
8,3.7,0.4517503,9.919804806675195
8,3.8,0.4439376,8.709134983953952
8,3.9,0.4359291,7.587497222357774
8,4.0,0.4277835,6.563199764195358
8,4.1,0.41956285,5.642881799977568
8,4.2,0.41133097,4.830343219945965
8,4.3,0.40315312,4.127683976864664
8,4.4,0.39509457,3.534639819234793
8,4.5,0.3872196,3.049128713818954
8,4.6,0.37959033,2.6673667417343223
8,4.7,0.37226555,2.3840990750162283
8,4.8,0.36529976,2.192984461816804
8,4.9,0.35874182,2.0864882087714047
8,5.0,0.35263425,2.056550390870912
8,5.1,0.34701192,2.0942647621339487
8,5.2,0.3419026,2.191366952626415
8,5.3,0.3373251,2.338452700813142
8,5.4,0.33329022,2.5270812511416674
8,5.5,0.32980013,2.7486168363021055
8,5.6,0.32684898,2.995094713824305
8,5.7,0.3244236,3.259256315289194
8,5.8,0.32250375,3.534163142512928
8,5.9,0.32106358,3.814030682692344
8,6.0,0.32007223,4.09357603925026
8,6.1,0.3194958,4.368983921576856
8,6.2,0.31929806,4.63698911637918
8,6.3,0.3194421,4.895551320610739
8,6.4,0.3198916,5.143617931598926
8,6.5,0.32061225,5.381267066952101
8,6.6,0.3215729,5.609567504559344
8,6.7,0.3227468,5.830694930689993
8,6.8,0.32411194,6.047335793923539
8,6.9,0.3256526,6.2636332577007074
8,7.0,0.32735896,6.483830300338703
8,7.1,0.32922792,6.713188080946138
8,7.2,0.33126265,6.9571099107028775
8,7.3,0.3334726,7.221503072222079
8,7.4,0.33587295,7.512393821381369
8,7.5,0.3384835,7.835519075071887
8,7.6,0.34132856,8.197091637095822
8,7.7,0.34443516,8.602555953849992
8,7.8,0.34783244,9.057457320389561
8,7.9,0.35155022,9.566844402649968
8,8.0,0.35561794,10.135533230604787
8,8.1,0.3600635,10.76801986712075
8,8.2,0.3649118,11.46823625572612
8,8.3,0.3701846,12.2405401501678
8,8.4,0.37589863,13.08833254738025
8,8.5,0.3820654,14.015285858640253
8,8.6,0.38869065,15.025041511666641
8,8.7,0.39577386,16.121152052189867
8,8.8,0.4033081,17.30745563969143
8,8.9,0.41127986,18.588632425646093
8,9.0,0.41966954,19.962775815685664
8,9.1,0.42845118,21.38476369552969
8,9.2,0.43759337,22.877943094509888
8,9.3,0.44705966,24.745259675595992
8,9.4,0.45680884,26.713070344399444
8,9.5,0.4667961,28.69888137299298
8,9.6,0.47697333,30.689909191980714
8,9.7,0.48728997,32.682561372332785
8,9.8,0.4976938,34.67491955882084
8,9.9,0.5081316,36.66419776104455
8,10.0,0.51854986,38.63761360982686
9,0.0,0.65897167,86.79989416095577
9,0.1,0.65892935,86.77965899643917
9,0.2,0.65879184,86.31536125574728
9,0.3,0.6585605,84.32828703659271
9,0.4,0.6582354,82.3315017882961
9,0.5,0.6578146,80.33281770202835
9,0.6,0.6572939,78.333499722381
9,0.7,0.6566662,76.33390603071742
9,0.8,0.6559206,74.33417147515732
9,0.9,0.6550429,72.3343566765389
9,1.0,0.65401435,70.33449243250782
9,1.1,0.6528125,68.33459586100535
9,1.2,0.6514101,66.33467715640354
9,1.3,0.6497765,64.33474273182837
9,1.4,0.64787686,62.33479680592696
9,1.5,0.64567393,60.33484225911918
9,1.6,0.6431277,58.33488112148374
9,1.7,0.64019716,56.33491486385893
9,1.8,0.63684154,54.334944578452294
9,1.9,0.63302076,52.334971094827786
9,2.0,0.6286978,50.33499505672997
9,2.1,0.6238397,48.3350169744255
9,2.2,0.61841893,46.335037261386724
9,2.3,0.61241543,44.33505626076905
9,2.4,0.6058173,42.33507426517969
9,2.5,0.5986223,40.33509153209062
9,2.6,0.5908389,38.335108296552434
9,2.7,0.58248717,36.33512478249843
9,2.8,0.5735986,34.33514121377792
9,2.9,0.5642172,32.3351578261099
9,3.0,0.55439866,30.335174881420574
9,3.1,0.5442101,28.335192686667526
9,3.2,0.533729,26.33521162044568
9,3.3,0.5230425,24.335232172956
9,3.4,0.5122452,22.33525500933967
9,3.5,0.5014384,20.335281075366137
9,3.6,0.490727,18.335311783682023
9,3.7,0.4802187,16.33534936312961
9,3.8,0.47002098,14.335397564631501
9,3.9,0.46023935,12.335463227966258
9,4.0,0.45097503,10.335560217035212
9,4.1,0.44232303,8.335721180701823
9,4.2,0.43437034,6.336043656118513
9,4.3,0.4271943,4.336996536882136
9,4.4,0.420861,2.610903179441145
9,4.5,0.41542435,4.6071794842852265
9,4.6,0.4109252,6.6020437804824885
9,4.7,0.40739095,8.585391868175673
9,4.8,0.40483505,9.57156766257517
9,4.9,0.40325746,9.679825019595008
9,5.0,0.4026448,10.412293211888509
9,5.1,0.40297103,11.233446840871531
9,5.2,0.40419844,12.113718961497387
9,5.3,0.4062786,13.046892043572013
9,5.4,0.4091536,14.02567718003401
9,5.5,0.41275772,15.043496750511371
9,5.6,0.41701806,16.093639168371464
9,5.7,0.421857,17.17048018281764
9,5.8,0.42719314,18.268117748687025
9,5.9,0.43294284,19.38062646276026
9,6.0,0.43902165,20.50190216434474
9,6.1,0.4453458,21.62564236371839
9,6.2,0.45183322,22.744980545476007
9,6.3,0.45840508,23.85293594154309
9,6.4,0.4649861,24.941534714444455
9,6.5,0.47150618,26.00307239566991
9,6.6,0.47790068,27.029268947497282
9,6.7,0.48411107,28.011796289951253
9,6.8,0.4900854,28.94248825050183
9,6.9,0.49577847,29.813421516016895
9,7.0,0.50115216,30.617427585005686
9,7.1,0.50617516,31.347891695276306
9,7.2,0.5108231,31.999430949882075
9,7.3,0.5150778,32.56732784410339
9,7.4,0.5189277,33.04894796987618
9,7.5,0.52236676,33.442366653397464
9,7.6,0.5253941,33.74713129351564
9,7.7,0.5280138,33.96453748812059
9,7.8,0.530234,34.09680216429613
9,7.9,0.53206617,34.147086677640466
9,8.0,0.53352517,34.12025601122533
9,8.1,0.5346282,34.02149553986813
9,8.2,0.53539443,33.85676764340575
9,8.3,0.53584456,33.63255674313223
9,8.4,0.5360004,33.355675422466646
9,8.5,0.5358847,33.03334336715639
9,8.6,0.5355207,32.672704918959305
9,8.7,0.5349321,32.28112007899355
9,8.8,0.53414285,31.865851611835847
9,8.9,0.533177,31.43401430493586
9,9.0,0.53205884,30.992782726166052
9,9.1,0.53081226,30.548502199938294
9,9.2,0.5294618,30.108447198671904
9,9.3,0.5280315,29.678457424048617
9,9.4,0.52654535,29.26449347426375
9,9.5,0.525027,28.871942797096168
9,9.6,0.5235001,28.506217838798566
9,9.7,0.5219872,28.17120144112787
9,9.8,0.5205103,27.870793134300616
9,9.9,0.5190899,27.606631784794708
9,10.0,0.51774514,27.391168540689968
